Sr. No.,Parameter,Specification,Tolerance,
1,Material / thickness,PLATE 7 THICK,N/A,
2,Material specification,Fe 410 WA SS : 4017,N/A,
3,Through holes,Dia 11,Per ISO 2768-1m,
4,Hole centre-to-centre distance,30,+/-0.5,
5,Upper inside radius,R10,Per ISO 2768-1m,
6,Overall height,193.3,+/-1,
7,Top outside width,50,+/-0.5,
8,Upper inside radius,R17,Per ISO 2768-1m,
9,Upper step height,15.5,+/-1,
10,Top internal opening width,20,+2 / -1,
11,Final mass,0.537 kg,N/A,
12,General note,SHARP EDGES TO BE DEBURRED; ALL OTHER DETAILS AS PER 2527 2210 71 15.,N/A,